Game Room,Seamless client-driven strategy,23,false,52.22
Conference Room,Pre-emptive analyzing process improvement,11,false,8.37
Gym,Implemented executive product,24,true,90.09
Game Room,Fully-configurable asynchronous adapter,19,true,264.65
Conference Room,Intuitive regional knowledge user,29,true,75.51
Laundry,Seamless disintermediate time-frame,7,true,180.8
Game Room,Expanded uniform instruction set,22,false,226.76
Laundry,Business-focused dynamic structure,24,false,168.28
Game Room,Reactive intangible leverage,5,true,199.26
Game Room,Profound bottom-line emulation,11,false,110.29
Bar,Programmable foreground challenge,20,false,77.98
Game Room,Re-engineered fresh-thinking adapter,16,true,196.89
Game Room,Customer-focused upward-trending structure,29,true,151.46
Conference Room,Diverse user-facing infrastructure,14,true,82.09
Bar,Progressive executive alliance,27,false,12.93
Bar,Grass-roots content-based open system,14,true,146.32
Laundry,De-engineered heuristic support,30,true,188.17
Laundry,Profound foreground knowledge user,17,true,165.47
Laundry,Re-contextualized motivating service-desk,27,true,32.71
Conference Room,Fundamental bandwidth-monitored software,20,true,73.93
Laundry,Operative discrete knowledge base,3,false,51.6
Conference Room,Secured empowering Graphical User Interface,26,false,243.45
Game Room,Quality-focused contextually-based standardization,6,true,281.33
Conference Room,Virtual disintermediate function,28,true,259.06
Conference Room,Realigned upward-trending contingency,22,true,169.54
Swimming Pool,Monitored tangible installation,16,false,213.16
Bar,Distributed tangible methodology,10,true,87.23
Conference Room,Assimilated grid-enabled software,28,false,29.11
Conference Room,Visionary non-volatile analyzer,17,false,200.61
Laundry,Virtual well-modulated installation,6,false,104.24
Game Room,Profit-focused 6th generation attitude,27,true,58.92
Game Room,Organic bi-directional knowledge user,24,true,145.55
Bar,Focused full-range service-desk,28,true,35.21
Swimming Pool,Inverse impactful alliance,2,false,252.14
Conference Room,De-engineered attitude-oriented matrices,27,false,57.89
Bar,Expanded neutral projection,21,false,133.99
Swimming Pool,Open-source clear-thinking workforce,9,false,229.94
Gym,Synergistic 4th generation throughput,26,false,28.72
Game Room,Cloned empowering encoding,9,true,289.74
Swimming Pool,Configurable secondary customer loyalty,22,false,72.53
Bar,Reduced dedicated system engine,8,false,242.47
Bar,Profit-focused user-facing portal,14,false,37.8
Swimming Pool,Team-oriented tangible toolset,24,false,287.42
Bar,Managed modular frame,30,true,196.66
Gym,Optional multi-tasking array,12,true,66.31
Bar,Focused dedicated firmware,5,true,141.97
Bar,Integrated secondary support,12,true,256.38
Gym,Adaptive encompassing standardization,11,false,7.5
Conference Room,Cloned hybrid installation,18,true,162.28
Conference Room,Persevering bifurcated throughput,3,true,294.91
